,name,age,country
0,Alicia Higgins,47.0,France
1,Gary Evans,41.0,Russian
2,Matthew Chandler,52.0,USA
3,William Gonzalez,18.0,Russian
4,Debra Phillips,53.0,France
5,Christopher Bradford,53.0,USA
6,Dr. Jacob Kennedy,74.0,Russian
8,Jennifer Blankenship,76.0,USA
11,Emily Ramos,64.0,USA
12,Jeremy Robbins,35.0,USA
13,Betty Martinez,54.0,Russian
14,Phillip Daniels,95.0,USA
15,Michael Pace,80.0,France
17,Michael Moore,34.0,USA
18,Ryan Sweeney,61.0,France
19,Ashley Moore,56.0,Russian
20,Christopher Wright,41.0,France
21,Ryan Harvey,43.0,USA
22,Mitchell Wilson MD,68.0,USA
23,Kimberly Flores,59.0,Russian
24,Justin Lopez,56.0,USA
25,John Novak,57.0,USA
26,Monica Hill,38.0,Russian
27,Alison Holland,53.0,Russian
28,Amy Hull,24.0,Russian
29,Christina Gonzalez,45.0,Russian
31,Dennis Cox,86.0,USA
34,Trevor Spencer,89.0,Russian
35,Nathan Patel,54.0,France
36,Julian Leonard,56.0,USA
37,Tamara Bentley,95.0,USA
38,Shannon Vaughn,88.0,Russian
39,Heather King PhD,77.0,France
40,Elizabeth Hays,60.0,Russian
41,Susan Walsh,82.0,USA
42,Sarah Fox,57.0,USA
43,Morgan Carson,15.0,USA
44,Charles Brown,40.0,USA
45,Katherine Schultz,38.0,USA
46,Courtney Lambert,34.0,Russian
47,Anthony Myers,44.0,USA
49,Rachel Jimenez,59.0,USA
50,Teresa Clark,54.0,France
51,Lauren Scott,96.0,France
52,Ariel Rasmussen,46.0,USA
53,Veronica Chaney,79.0,USA
54,Timothy Richardson,72.0,USA
56,Larry Johnson,59.0,USA
57,Laura Meyer,96.0,Russian
58,Dr. Robin Vargas,87.0,USA
60,Jacob Ellis,98.0,USA
61,Karen Buck,18.0,France
62,Kerry Landry,82.0,Russian
63,William Osborne,41.0,USA
64,Jonathan Jennings,64.0,USA
67,Gordon Ruiz,54.0,Russian
68,Kristy Beck,27.0,France
70,Jonathan Drake,22.0,Russian
72,Bryan Rodriguez,38.0,Russian
73,Zachary Lawson,28.0,Russian
76,Pam Wolfe,82.0,Russian
78,Dr. Garrett Lawson,68.0,USA
79,James Roberts,78.0,France
80,Sheila Barr,22.0,Russian
81,Austin Harding,73.0,USA
82,Elizabeth Cannon,44.0,USA
83,Patricia Huynh,46.0,USA
86,Jason Cole,82.0,Russian
87,Aaron Rodriguez,27.0,France
88,Cynthia King,18.0,Russian
89,Sarah Nunez,27.0,Russian
90,Nicole Stafford PhD,66.0,USA
91,Caroline Schroeder,78.0,France
92,Jennifer Hobbs,78.0,USA
94,George James,37.0,Russian
96,Zachary Miles,27.0,France
97,Dr. Tommy Sutton Jr.,39.0,France
99,Terry Smith,23.0,Russian
