,client_id,name,age
0,2392,Alicia Higgins,47.0
1,9213,Gary Evans,41.0
2,7159,Matthew Chandler,52.0
3,3643,William Gonzalez,18.0
4,3425,Debra Phillips,53.0
5,5960,Christopher Bradford,53.0
6,1249,Dr. Jacob Kennedy,74.0
7,3546,Crystal Townsend,
8,16,Jennifer Blankenship,76.0
9,9488,Charles Boyd,
10,7302,Diana Cummings,
11,5029,Emily Ramos,64.0
12,4747,Jeremy Robbins,35.0
13,2110,Betty Martinez,54.0
14,9431,Phillip Daniels,95.0
15,6342,Michael Pace,80.0
16,2461,Michael Wood,
17,4331,Michael Moore,34.0
18,4923,Ryan Sweeney,61.0
19,2709,Ashley Moore,56.0
20,9964,Christopher Wright,41.0
21,6497,Ryan Harvey,43.0
22,7560,Mitchell Wilson MD,68.0
23,8347,Kimberly Flores,59.0
24,9940,Justin Lopez,56.0
25,253,John Novak,57.0
26,8482,Monica Hill,38.0
27,7582,Alison Holland,53.0
28,5469,Amy Hull,24.0
29,527,Christina Gonzalez,45.0
30,5063,Lisa Gonzalez,
31,3103,Dennis Cox,86.0
32,2456,Amanda Mccormick,
33,7803,Brandi Mosley,
34,5075,Trevor Spencer,89.0
35,4956,Nathan Patel,54.0
36,8948,Julian Leonard,56.0
37,4905,Tamara Bentley,95.0
38,2157,Shannon Vaughn,88.0
39,9882,Heather King PhD,77.0
40,1181,Elizabeth Hays,60.0
41,5667,Susan Walsh,82.0
42,9323,Sarah Fox,57.0
43,4331,Morgan Carson,15.0
44,3437,Charles Brown,40.0
45,2593,Katherine Schultz,38.0
46,1144,Courtney Lambert,34.0
47,2696,Anthony Myers,44.0
48,7965,Daniel Gamble,
49,3890,Rachel Jimenez,59.0
50,8707,Teresa Clark,54.0
51,4412,Lauren Scott,96.0
52,840,Ariel Rasmussen,46.0
53,3412,Veronica Chaney,79.0
54,7612,Timothy Richardson,72.0
55,7557,Joseph Sandoval,
56,8230,Larry Johnson,59.0
57,5277,Laura Meyer,96.0
58,7938,Dr. Robin Vargas,87.0
59,8607,Sherry Fuller,
60,3317,Jacob Ellis,98.0
61,6458,Karen Buck,18.0
62,34,Kerry Landry,82.0
63,6913,William Osborne,41.0
64,8190,Jonathan Jennings,64.0
65,5550,Ashley Jimenez,
66,8691,Sarah Diaz,
67,1663,Gordon Ruiz,54.0
68,1104,Kristy Beck,27.0
69,5877,Michael Blanchard,
70,5453,Jonathan Drake,22.0
71,1563,Jennifer Hampton,
72,6939,Bryan Rodriguez,38.0
73,736,Zachary Lawson,28.0
74,280,David Pratt,
75,9758,Brett Cisneros,
76,7587,Pam Wolfe,82.0
77,2185,Jeremiah Young,
78,3772,Dr. Garrett Lawson,68.0
79,4848,James Roberts,78.0
80,1479,Sheila Barr,22.0
81,2905,Austin Harding,73.0
82,9948,Elizabeth Cannon,44.0
83,8005,Patricia Huynh,46.0
84,9782,John Hall,
85,3123,Cory Reed,
86,6999,Jason Cole,82.0
87,8549,Aaron Rodriguez,27.0
88,3666,Cynthia King,18.0
89,905,Sarah Nunez,27.0
90,2966,Nicole Stafford PhD,66.0
91,9153,Caroline Schroeder,78.0
92,7009,Jennifer Hobbs,78.0
93,5586,Angela Ellis,
94,462,George James,37.0
95,30,Mark Gutierrez,
96,8151,Zachary Miles,27.0
97,4048,Dr. Tommy Sutton Jr.,39.0
98,7771,Mrs. Theresa Vazquez,
99,8567,Terry Smith,23.0
